perturbation,severity,map,mean_confidence,d_ece,n_dets,precision
atmospheric_blur,0.0,92.19959494453592,39.98884243104058,0.1692452237125186,2458,51.017087062652564
atmospheric_blur,0.25,84.90060119247845,39.37363988930531,0.1814064322668253,2047,57.0591108939912
atmospheric_blur,0.5,60.03719800136875,32.290684621149914,0.2604818581074378,1505,58.33887043189369
atmospheric_blur,0.75,13.762675105882494,20.066711093592215,0.32591892344750967,502,52.589641434262944
atmospheric_blur,1.0,0.2600430416068867,14.128343667834997,0.2496136436238885,20,35.0
background_marks,0.0,92.19959494453592,39.98884243104058,0.1692452237125186,2458,51.017087062652564
background_marks,0.25,90.58747710934314,38.93762018974906,0.1593201769048723,2504,49.680511182108624
background_marks,0.5,89.75092547609852,38.192887000497905,0.15468935109527568,2528,49.129746835443036
background_marks,0.75,88.78194970209294,38.344621417964305,0.15793870553950914,2455,49.775967413441954
background_marks,1.0,88.1460777942906,37.358209836072135,0.14800911633402147,2517,48.70878029400079
clean,0.0,92.19959494453592,39.98884243104058,0.1692452237125186,2458,51.017087062652564
clean,0.25,92.19959494453592,39.98884243104058,0.1692452237125186,2458,51.017087062652564
clean,0.5,92.19959494453592,39.98884243104058,0.1692452237125186,2458,51.017087062652564
clean,0.75,92.19959494453592,39.98884243104058,0.1692452237125186,2458,51.017087062652564
clean,1.0,92.19959494453592,39.98884243104058,0.1692452237125186,2458,51.017087062652564
low_contrast,0.0,92.19959494453592,39.98884243104058,0.1692452237125186,2458,51.017087062652564
low_contrast,0.25,91.5090376765638,40.29563551574009,0.18036620101132633,2354,52.88870008496177
low_contrast,0.5,90.30084128470514,39.73833209736128,0.18706611819053526,2242,54.95093666369313
low_contrast,0.75,86.08019281953358,37.46562807447569,0.20758669832360516,2039,57.969592937714566
low_contrast,1.0,36.03529490143054,26.10137723657415,0.4944447429181013,687,75.54585152838428
motion_blur,0.0,92.19959494453592,39.98884243104058,0.1692452237125186,2458,51.017087062652564
motion_blur,0.25,84.40315340023791,38.1266917976076,0.1716546593572448,2146,54.19384902143523
motion_blur,0.5,57.02782348732227,32.875308723421384,0.14038945782313186,1831,46.91425450573457
motion_blur,0.75,26.563752796613294,30.88373367707794,0.05825786701736964,1433,36.56664340544313
motion_blur,1.0,7.495695676796364,27.906748481065097,0.09007604219792725,1002,25.449101796407188
range_detail_loss,0.0,92.19959494453592,39.98884243104058,0.1692452237125186,2458,51.017087062652564
range_detail_loss,0.25,91.26905767047533,40.335180056993096,0.17588964542252006,2290,54.10480349344978
range_detail_loss,0.5,88.71594168045505,40.38517580449169,0.18141868916353046,2170,55.714285714285715
range_detail_loss,0.75,82.89501678016944,39.017923348551896,0.20131895210286876,1929,59.149818558838774
range_detail_loss,1.0,2.6744225215121866,18.681008063934065,0.4658365755208901,77,63.63636363636363
sensor_noise,0.0,92.19959494453592,39.98884243104058,0.1692452237125186,2458,51.017087062652564
sensor_noise,0.25,86.8165489794556,34.87945456501071,0.14713102051012167,2622,46.186117467582
sensor_noise,0.5,58.93167229365348,29.403648516735554,0.19367301203934842,1790,48.770949720670394
sensor_noise,0.75,20.817998990156863,23.515234227989964,0.3176529382481532,606,55.28052805280528
sensor_noise,1.0,4.411609235904872,16.519730674723785,0.48663501354555294,120,64.16666666666667
